{
  "_fv": 28,
  "_type": "tool",
  "definition": {
    "renderType": 0,
    "texture": "steel_axe",
    "customModelName": "Normal",
    "name": "Steelaxe",
    "specialInfo": [],
    "creativeTab": {
      "value": "TOOLS"
    },
    "toolType": "Axe",
    "harvestLevel": 6,
    "efficiency": 11.0,
    "attackSpeed": 0.6,
    "enchantability": 12,
    "damageVsEntity": 16.0,
    "usageCount": 2638,
    "blocksAffected": [],
    "hasGlow": false,
    "repairItems": [
      {
        "value": "CUSTOM:Steelpiece"
      }
    ],
    "immuneToFire": true,
    "stayInGridWhenCrafting": false,
    "damageOnCrafting": false
  }
}